#Release 14.7 - par P.20131013 (nt64)
#Copyright (c) 1995-2013 Xilinx, Inc.  All rights reserved.

#Mon Apr 14 23:56:21 2025

#
## NOTE: This file is designed to be imported into a spreadsheet program
# such as Microsoft Excel for viewing, printing and sorting. The |
# character is used as the data field separator. This file is also designed
# to support parsing.
#
#INPUT FILE:       MAIN_map.ncd
#OUTPUT FILE:      MAIN_pad.csv
#PART TYPE:        xc7k325t
#SPEED GRADE:      -2
#PACKAGE:          ffg900
#
# Pinout by Pin Number:
# 
# -----,-----,-----,-----,-----,-----,-----,-----,-----,-----,-----,-----,-----,-----,-----,
Pin Number,Signal Name,Pin Usage,Pin Name,Direction,IO Standard,IO Bank Number,Drive (mA),Slew Rate,Termination,IOB Delay,Voltage,Constraint,IO Register,Signal Integrity,
A1,,,GND,,,,,,,,,,,,
A2,,,GND,,,,,,,,,,,,
A3,,OPAD,MGTXTXN3_118,UNUSED,,,,,,,,,,,
A4,,OPAD,MGTXTXP3_118,UNUSED,,,,,,,,,,,
A5,,,GND,,,,,,,,,,,,
A6,,,GND,,,,,,,,,,,,
A7,,IPAD,MGTXRXN3_118,UNUSED,,,,,,,,,,,
A8,,IPAD,MGTXRXP3_118,UNUSED,,,,,,,,,,,
A9,,,GND,,,,,,,,,,,,
A10,,,INIT_B_0,,,,,,,,,,,,
A11,,IOB33M,IO_L17P_T2_18,UNUSED,,18,,,,,,,,,
A12,,IOB33S,IO_L17N_T2_18,UNUSED,,18,,,,,,,,,
A13,,IOB33S,IO_L22N_T3_18,UNUSED,,18,,,,,,,,,
A14,,,GND,,,,,,,,,,,,
A15,,IOB33S,IO_L24N_T3_18,UNUSED,,18,,,,,,,,,
A16,,IOB33M,IO_L20P_T3_17,UNUSED,,17,,,,,,,,,
A17,,IOB33S,IO_L20N_T3_17,UNUSED,,17,,,,,,,,,
A18,,IOB33S,IO_L22N_T3_17,UNUSED,,17,,,,,,,,,
A19,,,VCCO_17,,,17,,,,,any******,,,,
A20,,IOB33M,IO_L21P_T3_DQS_17,UNUSED,,17,,,,,,,,,
A21,,IOB33S,IO_L21N_T3_DQS_17,UNUSED,,17,,,,,,,,,
A22,,IOB33S,IO_L23N_T3_17,UNUSED,,17,,,,,,,,,
A23,,IOB33S,IO_L1N_T0_16,UNUSED,,16,,,,,,,,,
A24,,,GND,,,,,,,,,,,,
A25,,IOB33M,IO_L10P_T1_16,UNUSED,,16,,,,,,,,,
A26,,IOB33S,IO_L10N_T1_16,UNUSED,,16,,,,,,,,,
A27,,IOB33S,IO_L7N_T1_16,UNUSED,,16,,,,,,,,,
A28,,IOB33S,IO_L9N_T1_DQS_16,UNUSED,,16,,,,,,,,,
A29,,,VCCO_16,,,16,,,,,any******,,,,
A30,,IOB33S,IO_L17N_T2_16,UNUSED,,16,,,,,,,,,
AA1,,,GND,,,,,,,,,,,,
AA2,,,GND,,,,,,,,,,,,
AA3,,IPAD,MGTXRXN0_115,UNUSED,,,,,,,,,,,
AA4,,IPAD,MGTXRXP0_115,UNUSED,,,,,,,,,,,
AA5,,,GND,,,,,,,,,,,,
AA6,,,GND,,,,,,,,,,,,
AA7,,,GND,,,,,,,,,,,,
AA8,,IOB18M,IO_L2P_T0_33,UNUSED,,33,,,,,,,,,
AA9,,,VCCO_33,,,33,,,,,any******,,,,
AA10,,IOB18S,IO_L5N_T0_33,UNUSED,,33,,,,,,,,,
AA11,,IOB18M,IO_L5P_T0_33,UNUSED,,33,,,,,,,,,
AA12,,IOB18M,IO_L1P_T0_33,UNUSED,,33,,,,,,,,,
AA13,,IOB18M,IO_L6P_T0_33,UNUSED,,33,,,,,,,,,
AA14,,,GND,,,,,,,,,,,,
AA15,,IOB18M,IO_L20P_T3_32,UNUSED,,32,,,,,,,,,
AA16,,IOB18S,IO_L23N_T3_32,UNUSED,,32,,,,,,,,,
AA17,,IOB18M,IO_L23P_T3_32,UNUSED,,32,,,,,,,,,
AA18,,IOB18M,IO_L16P_T2_32,UNUSED,,32,,,,,,,,,
AA19,,,VCCO_32,,,32,,,,,any******,,,,
AA20,,IOB33M,IO_L6P_T0_12,UNUSED,,12,,,,,,,,,
AA21,,IOB33S,IO_L2N_T0_12,UNUSED,,12,,,,,,,,,
AA22,,IOB33M,IO_L4P_T0_12,UNUSED,,12,,,,,,,,,
AA23,,IOB33S,IO_L4N_T0_12,UNUSED,,12,,,,,,,,,
AA24,,,GND,,,,,,,,,,,,
AA25,,IOB33M,IO_L6P_T0_13,UNUSED,,13,,,,,,,,,
AA26,,IOB33S,IO_L1N_T0_13,UNUSED,,13,,,,,,,,,
AA27,,IOB33M,IO_L5P_T0_13,UNUSED,,13,,,,,,,,,
AA28,,IOB33S,IO_L3N_T0_DQS_13,UNUSED,,13,,,,,,,,,
AA29,,,VCCO_13,,,13,,,,,any******,,,,
AA30,,IOB33S,IO_L8N_T1_13,UNUSED,,13,,,,,,,,,
AB1,,,M2_0,,,,,,,,,,,,
AB2,,,M1_0,,,,,,,,,,,,
AB3,,,GND,,,,,,,,,,,,
AB4,,,GND,,,,,,,,,,,,
AB5,,,M0_0,,,,,,,,,,,,
AB6,,,VCCO_0,,,0,,,,,any******,,,,
AB7,,IOB18,IO_25_VRP_34,UNUSED,,34,,,,,,,,,
AB8,,IOB18S,IO_L2N_T0_33,UNUSED,,33,,,,,,,,,
AB9,,IOB18M,IO_L3P_T0_DQS_33,UNUSED,,33,,,,,,,,,
AB10,,IOB18M,IO_L7P_T1_33,UNUSED,,33,,,,,,,,,
AB11,,,GND,,,,,,,,,,,,
AB12,,IOB18S,IO_L1N_T0_33,UNUSED,,33,,,,,,,,,
AB13,,IOB18S,IO_L6N_T0_VREF_33,UNUSED,,33,,,,,,,,,
AB14,,IOB18,IO_25_VRP_32,UNUSED,,32,,,,,,,,,
AB15,,IOB18S,IO_L20N_T3_32,UNUSED,,32,,,,,,,,,
AB16,,,VCCO_32,,,32,,,,,any******,,,,
AB17,,IOB18M,IO_L18P_T2_32,UNUSED,,32,,,,,,,,,
AB18,,IOB18S,IO_L16N_T2_32,UNUSED,,32,,,,,,,,,
AB19,,IOB18M,IO_L17P_T2_32,UNUSED,,32,,,,,,,,,
AB20,,IOB33S,IO_L6N_T0_VREF_12,UNUSED,,12,,,,,,,,,
AB21,,,GND,,,,,,,,,,,,
AB22,,IOB33M,IO_L3P_T0_DQS_12,UNUSED,,12,,,,,,,,,
AB23,,IOB33S,IO_L3N_T0_DQS_12,UNUSED,,12,,,,,,,,,
AB24,,IOB33M,IO_L7P_T1_12,UNUSED,,12,,,,,,,,,
AB25,,IOB33S,IO_L6N_T0_VREF_13,UNUSED,,13,,,,,,,,,
AB26,,,VCCO_13,,,13,,,,,any******,,,,
AB27,,IOB33M,IO_L12P_T1_MRCC_13,UNUSED,,13,,,,,,,,,
AB28,,IOB33S,IO_L5N_T0_13,UNUSED,,13,,,,,,,,,
AB29,,IOB33M,IO_L10P_T1_13,UNUSED,,13,,,,,,,,,
AB30,,IOB33S,IO_L10N_T1_13,UNUSED,,13,,,,,,,,,
AC1,,IOB18S,IO_L2N_T0_34,UNUSED,,34,,,,,,,,,
AC2,,IOB18M,IO_L2P_T0_34,UNUSED,,34,,,,,,,,,
AC3,,,VCCO_34,,,34,,,,,any******,,,,
AC4,,IOB18S,IO_L4N_T0_34,UNUSED,,34,,,,,,,,,
AC5,,IOB18M,IO_L4P_T0_34,UNUSED,,34,,,,,,,,,
AC6,,IOB18,IO_0_VRN_34,UNUSED,,34,,,,,,,,,
AC7,,IOB18M,IO_L6P_T0_34,UNUSED,,34,,,,,,,,,
AC8,,,GND,,,,,,,,,,,,
AC9,,IOB18S,IO_L3N_T0_DQS_33,UNUSED,,33,,,,,,,,,
AC10,,IOB18S,IO_L7N_T1_33,UNUSED,,33,,,,,,,,,
AC11,,IOB18S,IO_L9N_T1_DQS_33,UNUSED,,33,,,,,,,,,
AC12,,IOB18M,IO_L9P_T1_DQS_33,UNUSED,,33,,,,,,,,,
AC13,,,VCCO_33,,,33,,,,,any******,,,,
AC14,,IOB18M,IO_L22P_T3_32,UNUSED,,32,,,,,,,,,
AC15,,IOB18S,IO_L21N_T3_DQS_32,UNUSED,,32,,,,,,,,,
AC16,,IOB18M,IO_L21P_T3_DQS_32,UNUSED,,32,,,,,,,,,
AC17,,IOB18S,IO_L18N_T2_32,UNUSED,,32,,,,,,,,,
AC18,,,GND,,,,,,,,,,,,
AC19,,IOB18S,IO_L17N_T2_32,UNUSED,,32,,,,,,,,,
AC20,,IOB33M,IO_L5P_T0_12,UNUSED,,12,,,,,,,,,
AC21,,IOB33S,IO_L5N_T0_12,UNUSED,,12,,,,,,,,,
AC22,,IOB33M,IO_L8P_T1_12,UNUSED,,12,,,,,,,,,
AC23,,,VCCO_12,,,12,,,,,any******,,,,
AC24,,IOB33M,IO_L9P_T1_DQS_12,UNUSED,,12,,,,,,,,,
AC25,,IOB33S,IO_L7N_T1_12,UNUSED,,12,,,,,,,,,
AC26,,IOB33M,IO_L19P_T3_13,UNUSED,,13,,,,,,,,,
AC27,,IOB33S,IO_L12N_T1_MRCC_13,UNUSED,,13,,,,,,,,,
AC28,,,GND,,,,,,,,,,,,
AC29,,IOB33M,IO_L7P_T1_13,UNUSED,,13,,,,,,,,,
AC30,,IOB33S,IO_L7N_T1_13,UNUSED,,13,,,,,,,,,
AD1,,IOB18S,IO_L3N_T0_DQS_34,UNUSED,,34,,,,,,,,,
AD2,,IOB18M,IO_L3P_T0_DQS_34,UNUSED,,34,,,,,,,,,
AD3,,IOB18S,IO_L1N_T0_34,UNUSED,,34,,,,,,,,,
AD4,,IOB18M,IO_L1P_T0_34,UNUSED,,34,,,,,,,,,
AD5,,,GND,,,,,,,,,,,,
AD6,,IOB18M,IO_L5P_T0_34,UNUSED,,34,,,,,,,,,
AD7,,IOB18S,IO_L6N_T0_VREF_34,UNUSED,,34,,,,,,,,,
AD8,,IOB18M,IO_L8P_T1_33,UNUSED,,33,,,,,,,,,
AD9,,IOB18M,IO_L10P_T1_33,UNUSED,,33,,,,,,,,,
AD10,,,VCCO_33,,,33,,,,,any******,,,,
AD11,,IOB18S,IO_L12N_T1_MRCC_33,UNUSED,,33,,,,,,,,,
AD12,,IOB18M,IO_L12P_T1_MRCC_33,UNUSED,,33,,,,,,,,,
AD13,,IOB18,IO_25_VRP_33,UNUSED,,33,,,,,,,,,
AD14,,IOB18S,IO_L22N_T3_32,UNUSED,,32,,,,,,,,,
AD15,,,GND,,,,,,,,,,,,
AD16,,IOB18S,IO_L14N_T2_SRCC_32,UNUSED,,32,,,,,,,,,
AD17,,IOB18M,IO_L14P_T2_SRCC_32,UNUSED,,32,,,,,,,,,
AD18,,IOB18M,IO_L13P_T2_MRCC_32,UNUSED,,32,,,,,,,,,
AD19,,IOB18M,IO_L10P_T1_32,UNUSED,,32,,,,,,,,,
AD20,,,VCCO_12,,,12,,,,,any******,,,,
AD21,,IOB33M,IO_L10P_T1_12,UNUSED,,12,,,,,,,,,
AD22,,IOB33S,IO_L8N_T1_12,UNUSED,,12,,,,,,,,,
AD23,,IOB33M,IO_L12P_T1_MRCC_12,UNUSED,,12,,,,,,,,,
AD24,,IOB33S,IO_L9N_T1_DQS_12,UNUSED,,12,,,,,,,,,
AD25,,,GND,,,,,,,,,,,,
AD26,,IOB33S,IO_L19N_T3_VREF_13,UNUSED,,13,,,,,,,,,
AD27,,IOB33M,IO_L11P_T1_SRCC_13,UNUSED,,13,,,,,,,,,
AD28,,IOB33S,IO_L11N_T1_SRCC_13,UNUSED,,13,,,,,,,,,
AD29,,IOB33M,IO_L9P_T1_DQS_13,UNUSED,,13,,,,,,,,,
AD30,,,VCCO_13,,,13,,,,,any******,,,,
AE1,,IOB18M,IO_L8P_T1_34,UNUSED,,34,,,,,,,,,
AE2,,,GND,,,,,,,,,,,,
AE3,,IOB18S,IO_L10N_T1_34,UNUSED,,34,,,,,,,,,
AE4,,IOB18M,IO_L10P_T1_34,UNUSED,,34,,,,,,,,,
AE5,,IOB18M,IO_L11P_T1_SRCC_34,UNUSED,,34,,,,,,,,,
AE6,,IOB18S,IO_L5N_T0_34,UNUSED,,34,,,,,,,,,
AE7,,,VCCO_34,,,34,,,,,any******,,,,
AE8,,IOB18S,IO_L8N_T1_33,UNUSED,,33,,,,,,,,,
AE9,,IOB18S,IO_L10N_T1_33,UNUSED,,33,,,,,,,,,
AE10,,IOB18M,IO_L14P_T2_SRCC_33,UNUSED,,33,,,,,,,,,
AE11,,IOB18M,IO_L11P_T1_SRCC_33,UNUSED,,33,,,,,,,,,
AE12,,,GND,,,,,,,,,,,,
AE13,,IOB18M,IO_L19P_T3_33,UNUSED,,33,,,,,,,,,
AE14,,IOB18S,IO_L19N_T3_VREF_32,UNUSED,,32,,,,,,,,,
AE15,,IOB18M,IO_L19P_T3_32,UNUSED,,32,,,,,,,,,
AE16,,IOB18M,IO_L6P_T0_32,UNUSED,,32,,,,,,,,,
AE17,,,VCCO_32,,,32,,,,,any******,,,,
AE18,,IOB18S,IO_L13N_T2_MRCC_32,UNUSED,,32,,,,,,,,,
AE19,,IOB18S,IO_L10N_T1_32,UNUSED,,32,,,,,,,,,
AE20,,IOB33,IO_25_12,UNUSED,,12,,,,,,,,,
AE21,,IOB33S,IO_L10N_T1_12,UNUSED,,12,,,,,,,,,
AE22,,,GND,,,,,,,,,,,,
AE23,,IOB33M,IO_L11P_T1_SRCC_12,UNUSED,,12,,,,,,,,,
AE24,,IOB33S,IO_L12N_T1_MRCC_12,UNUSED,,12,,,,,,,,,
AE25,,IOB33M,IO_L16P_T2_12,UNUSED,,12,,,,,,,,,
AE26,,IOB33,IO_25_13,UNUSED,,13,,,,,,,,,
AE27,,,VCCO_13,,,13,,,,,any******,,,,
AE28,,IOB33M,IO_L14P_T2_SRCC_13,UNUSED,,13,,,,,,,,,
AE29,,IOB33S,IO_L9N_T1_DQS_13,UNUSED,,13,,,,,,,,,
AE30,,IOB33M,IO_L16P_T2_13,UNUSED,,13,,,,,,,,,
AF1,,IOB18S,IO_L8N_T1_34,UNUSED,,34,,,,,,,,,
AF2,,IOB18S,IO_L7N_T1_34,UNUSED,,34,,,,,,,,,
AF3,,IOB18M,IO_L7P_T1_34,UNUSED,,34,,,,,,,,,
AF4,,,VCCO_34,,,34,,,,,any******,,,,
AF5,,IOB18S,IO_L11N_T1_SRCC_34,UNUSED,,34,,,,,,,,,
AF6,,IOB18M,IO_L12P_T1_MRCC_34,UNUSED,,34,,,,,,,,,
AF7,,IOB18M,IO_L20P_T3_34,UNUSED,,34,,,,,,,,,
AF8,,IOB18M,IO_L19P_T3_34,UNUSED,,34,,,,,,,,,
AF9,,,GND,,,,,,,,,,,,
AF10,,IOB18S,IO_L14N_T2_SRCC_33,UNUSED,,33,,,,,,,,,
AF11,,IOB18S,IO_L11N_T1_SRCC_33,UNUSED,,33,,,,,,,,,
AF12,,IOB18M,IO_L23P_T3_33,UNUSED,,33,,,,,,,,,
AF13,,IOB18S,IO_L19N_T3_VREF_33,UNUSED,,33,,,,,,,,,
AF14,,,VCCO_32,,,32,,,,,any******,,,,
AF15,,IOB18M,IO_L4P_T0_32,UNUSED,,32,,,,,,,,,
AF16,,IOB18S,IO_L6N_T0_VREF_32,UNUSED,,32,,,,,,,,,
AF17,,IOB18M,IO_L12P_T1_MRCC_32,UNUSED,,32,,,,,,,,,
AF18,,IOB18M,IO_L11P_T1_SRCC_32,UNUSED,,32,,,,,,,,,
AF19,,,GND,,,,,,,,,,,,
AF20,,IOB33M,IO_L19P_T3_12,UNUSED,,12,,,,,,,,,
AF21,,IOB33S,IO_L19N_T3_VREF_12,UNUSED,,12,,,,,,,,,
AF22,,IOB33M,IO_L13P_T2_MRCC_12,UNUSED,,12,,,,,,,,,
AF23,,IOB33S,IO_L11N_T1_SRCC_12,UNUSED,,12,,,,,,,,,
AF24,,,VCCO_12,,,12,,,,,any******,,,,
AF25,,IOB33S,IO_L16N_T2_12,UNUSED,,12,,,,,,,,,
AF26,,IOB33M,IO_L23P_T3_13,UNUSED,,13,,,,,,,,,
AF27,,IOB33S,IO_L23N_T3_13,UNUSED,,13,,,,,,,,,
AF28,,IOB33S,IO_L14N_T2_SRCC_13,UNUSED,,13,,,,,,,,,
AF29,,,GND,,,,,,,,,,,,
AF30,,IOB33S,IO_L16N_T2_13,UNUSED,,13,,,,,,,,,
AG1,,,VCCO_34,,,34,,,,,any******,,,,
AG2,,IOB18M,IO_L15P_T2_DQS_34,UNUSED,,34,,,,,,,,,
AG3,,IOB18S,IO_L9N_T1_DQS_34,UNUSED,,34,,,,,,,,,
AG4,,IOB18M,IO_L9P_T1_DQS_34,UNUSED,,34,,,,,,,,,
AG5,,IOB18S,IO_L12N_T1_MRCC_34,UNUSED,,34,,,,,,,,,
AG6,,,GND,,,,,,,,,,,,
AG7,,IOB18S,IO_L20N_T3_34,UNUSED,,34,,,,,,,,,
AG8,,IOB18S,IO_L19N_T3_VREF_34,UNUSED,,34,,,,,,,,,
AG9,,IOB18M,IO_L16P_T2_33,UNUSED,,33,,,,,,,,,
AG10,,IOB18M,IO_L13P_T2_MRCC_33,UNUSED,,33,,,,,,,,,
AG11,,,VCCO_33,,,33,,,,,any******,,,,
AG12,,IOB18S,IO_L23N_T3_33,UNUSED,,33,,,,,,,,,
AG13,,IOB18M,IO_L24P_T3_33,UNUSED,,33,,,,,,,,,
AG14,,IOB18S,IO_L4N_T0_32,UNUSED,,32,,,,,,,,,
AG15,,IOB18M,IO_L2P_T0_32,UNUSED,,32,,,,,,,,,
AG16,,,GND,,,,,,,,,,,,
AG17,,IOB18S,IO_L12N_T1_MRCC_32,UNUSED,,32,,,,,,,,,
AG18,,IOB18S,IO_L11N_T1_SRCC_32,UNUSED,,32,,,,,,,,,
AG19,,IOB18M,IO_L8P_T1_32,UNUSED,,32,,,,,,,,,
AG20,,IOB33M,IO_L22P_T3_12,UNUSED,,12,,,,,,,,,
AG21,,,VCCO_12,,,12,,,,,any******,,,,
AG22,,IOB33M,IO_L20P_T3_12,UNUSED,,12,,,,,,,,,
AG23,,IOB33S,IO_L13N_T2_MRCC_12,UNUSED,,12,,,,,,,,,
AG24,,IOB33M,IO_L14P_T2_SRCC_12,UNUSED,,12,,,,,,,,,
AG25,,IOB33M,IO_L18P_T2_12,UNUSED,,12,,,,,,,,,
AG26,,,GND,,,,,,,,,,,,
AG27,,IOB33M,IO_L21P_T3_DQS_13,UNUSED,,13,,,,,,,,,
AG28,,IOB33S,IO_L21N_T3_DQS_13,UNUSED,,13,,,,,,,,,
AG29,,IOB33M,IO_L13P_T2_MRCC_13,UNUSED,,13,,,,,,,,,
AG30,,IOB33M,IO_L18P_T2_13,UNUSED,,13,,,,,,,,,
AH1,,IOB18S,IO_L15N_T2_DQS_34,UNUSED,,34,,,,,,,,,
AH2,,IOB18M,IO_L16P_T2_34,UNUSED,,34,,,,,,,,,
AH3,,,GND,,,,,,,,,,,,
AH4,,IOB18M,IO_L13P_T2_MRCC_34,UNUSED,,34,,,,,,,,,
AH5,,IOB18S,IO_L14N_T2_SRCC_34,UNUSED,,34,,,,,,,,,
AH6,,IOB18M,IO_L14P_T2_SRCC_34,UNUSED,,34,,,,,,,,,
AH7,,IOB18M,IO_L21P_T3_DQS_34,UNUSED,,34,,,,,,,,,
AH8,,,VCCO_34,,,34,,,,,any******,,,,
AH9,,IOB18S,IO_L16N_T2_33,UNUSED,,33,,,,,,,,,
AH10,,IOB18S,IO_L13N_T2_MRCC_33,UNUSED,,33,,,,,,,,,
AH11,,IOB18M,IO_L18P_T2_33,UNUSED,,33,,,,,,,,,
AH12,,IOB18S,IO_L24N_T3_33,UNUSED,,33,,,,,,,,,
AH13,,,GND,,,,,,,,,,,,
AH14,,IOB18M,IO_L21P_T3_DQS_33,UNUSED,,33,,,,,,,,,
AH15,,IOB18S,IO_L2N_T0_32,UNUSED,,32,,,,,,,,,
AH16,,IOB18M,IO_L3P_T0_DQS_32,UNUSED,,32,,,,,,,,,
AH17,,IOB18M,IO_L5P_T0_32,UNUSED,,32,,,,,,,,,
AH18,,,VCCO_32,,,32,,,,,any******,,,,
AH19,,IOB18S,IO_L8N_T1_32,UNUSED,,32,,,,,,,,,
AH20,,IOB33S,IO_L22N_T3_12,UNUSED,,12,,,,,,,,,
AH21,,IOB33M,IO_L23P_T3_12,UNUSED,,12,,,,,,,,,
AH22,,IOB33S,IO_L20N_T3_12,UNUSED,,12,,,,,,,,,
AH23,,,GND,,,,,,,,,,,,
AH24,,IOB33S,IO_L14N_T2_SRCC_12,UNUSED,,12,,,,,,,,,
AH25,,IOB33S,IO_L18N_T2_12,UNUSED,,12,,,,,,,,,
AH26,,IOB33M,IO_L22P_T3_13,UNUSED,,13,,,,,,,,,
AH27,,IOB33S,IO_L22N_T3_13,UNUSED,,13,,,,,,,,,
AH28,,,VCCO_13,,,13,,,,,any******,,,,
AH29,,IOB33S,IO_L13N_T2_MRCC_13,UNUSED,,13,,,,,,,,,
AH30,,IOB33S,IO_L18N_T2_13,UNUSED,,13,,,,,,,,,
AJ1,,IOB18M,IO_L17P_T2_34,UNUSED,,34,,,,,,,,,
AJ2,,IOB18S,IO_L16N_T2_34,UNUSED,,34,,,,,,,,,
AJ3,,IOB18M,IO_L18P_T2_34,UNUSED,,34,,,,,,,,,
AJ4,,IOB18S,IO_L13N_T2_MRCC_34,UNUSED,,34,,,,,,,,,
AJ5,,,VCCO_34,,,34,,,,,any******,,,,
AJ6,,IOB18M,IO_L22P_T3_34,UNUSED,,34,,,,,,,,,
AJ7,,IOB18S,IO_L21N_T3_DQS_34,UNUSED,,34,,,,,,,,,
AJ8,,IOB18M,IO_L23P_T3_34,UNUSED,,34,,,,,,,,,
AJ9,,IOB18M,IO_L15P_T2_DQS_33,UNUSED,,33,,,,,,,,,
AJ10,,,GND,,,,,,,,,,,,
AJ11,,IOB18S,IO_L18N_T2_33,UNUSED,,33,,,,,,,,,
AJ12,,IOB18S,IO_L22N_T3_33,UNUSED,,33,,,,,,,,,
AJ13,,IOB18M,IO_L22P_T3_33,UNUSED,,33,,,,,,,,,
AJ14,,IOB18S,IO_L21N_T3_DQS_33,UNUSED,,33,,,,,,,,,
AJ15,,,VCCO_32,,,32,,,,,any******,,,,
AJ16,,IOB18S,IO_L3N_T0_DQS_32,UNUSED,,32,,,,,,,,,
AJ17,,IOB18S,IO_L5N_T0_32,UNUSED,,32,,,,,,,,,
AJ18,,IOB18M,IO_L9P_T1_DQS_32,UNUSED,,32,,,,,,,,,
AJ19,,IOB18M,IO_L7P_T1_32,UNUSED,,32,,,,,,,,,
AJ20,,,GND,,,,,,,,,,,,
AJ21,,IOB33S,IO_L23N_T3_12,UNUSED,,12,,,,,,,,,
AJ22,,IOB33M,IO_L21P_T3_DQS_12,UNUSED,,12,,,,,,,,,
AJ23,,IOB33S,IO_L21N_T3_DQS_12,UNUSED,,12,,,,,,,,,
AJ24,,IOB33M,IO_L15P_T2_DQS_12,UNUSED,,12,,,,,,,,,
AJ25,,,VCCO_13,,,13,,,,,any******,,,,
AJ26,,IOB33M,IO_L24P_T3_13,UNUSED,,13,,,,,,,,,
AJ27,,IOB33M,IO_L20P_T3_13,UNUSED,,13,,,,,,,,,
AJ28,,IOB33M,IO_L17P_T2_13,UNUSED,,13,,,,,,,,,
AJ29,,IOB33S,IO_L17N_T2_13,UNUSED,,13,,,,,,,,,
AJ30,,,GND,,,,,,,,,,,,
AK1,,IOB18S,IO_L17N_T2_34,UNUSED,,34,,,,,,,,,
AK2,,,VCCO_34,,,34,,,,,any******,,,,
AK3,,IOB18S,IO_L18N_T2_34,UNUSED,,34,,,,,,,,,
AK4,,IOB18S,IO_L24N_T3_34,UNUSED,,34,,,,,,,,,
AK5,,IOB18M,IO_L24P_T3_34,UNUSED,,34,,,,,,,,,
AK6,,IOB18S,IO_L22N_T3_34,UNUSED,,34,,,,,,,,,
AK7,,,GND,,,,,,,,,,,,
AK8,,IOB18S,IO_L23N_T3_34,UNUSED,,34,,,,,,,,,
AK9,,IOB18S,IO_L15N_T2_DQS_33,UNUSED,,33,,,,,,,,,
AK10,,IOB18S,IO_L17N_T2_33,UNUSED,,33,,,,,,,,,
AK11,,IOB18M,IO_L17P_T2_33,UNUSED,,33,,,,,,,,,
AK12,,,VCCO_33,,,33,,,,,any******,,,,
AK13,,IOB18S,IO_L20N_T3_33,UNUSED,,33,,,,,,,,,
AK14,,IOB18M,IO_L20P_T3_33,UNUSED,,33,,,,,,,,,
AK15,,IOB18S,IO_L1N_T0_32,UNUSED,,32,,,,,,,,,
AK16,,IOB18M,IO_L1P_T0_32,UNUSED,,32,,,,,,,,,
AK17,,,GND,,,,,,,,,,,,
AK18,,IOB18S,IO_L9N_T1_DQS_32,UNUSED,,32,,,,,,,,,
AK19,,IOB18S,IO_L7N_T1_32,UNUSED,,32,,,,,,,,,
AK20,,IOB33M,IO_L24P_T3_12,UNUSED,,12,,,,,,,,,
AK21,,IOB33S,IO_L24N_T3_12,UNUSED,,12,,,,,,,,,
AK22,,,VCCO_12,,,12,,,,,any******,,,,
AK23,,IOB33M,IO_L17P_T2_12,UNUSED,,12,,,,,,,,,
AK24,,IOB33S,IO_L17N_T2_12,UNUSED,,12,,,,,,,,,
AK25,,IOB33S,IO_L15N_T2_DQS_12,UNUSED,,12,,,,,,,,,
AK26,,IOB33S,IO_L24N_T3_13,UNUSED,,13,,,,,,,,,
AK27,,,GND,,,,,,,,,,,,
AK28,,IOB33S,IO_L20N_T3_13,UNUSED,,13,,,,,,,,,
AK29,,IOB33M,IO_L15P_T2_DQS_13,UNUSED,,13,,,,,,,,,
AK30,,IOB33S,IO_L15N_T2_DQS_13,UNUSED,,13,,,,,,,,,
B1,,OPAD,MGTXTXN2_118,UNUSED,,,,,,,,,,,
B2,,OPAD,MGTXTXP2_118,UNUSED,,,,,,,,,,,
B3,,,MGTAVTT,,,,,,,,,,,,
B4,,,GND,,,,,,,,,,,,
B5,,IPAD,MGTXRXN2_118,UNUSED,,,,,,,,,,,
B6,,IPAD,MGTXRXP2_118,UNUSED,,,,,,,,,,,
B7,,,MGTAVCC,,,,,,,,,,,,
B8,,,GND,,,,,,,,,,,,
B9,,,GND,,,,,,,,,,,,
B10,,,CCLK_0,,,,,,,,,,,,
B11,,,GND,,,,,,,,,,,,
B12,,IOB33S,IO_L15N_T2_DQS_18,UNUSED,,18,,,,,,,,,
B13,,IOB33M,IO_L22P_T3_18,UNUSED,,18,,,,,,,,,
B14,,IOB33M,IO_L24P_T3_18,UNUSED,,18,,,,,,,,,
B15,,IOB33S,IO_L23N_T3_18,UNUSED,,18,,,,,,,,,
B16,,,VCCO_17,,,17,,,,,any******,,,,
B17,,IOB33S,IO_L17N_T2_17,UNUSED,,17,,,,,,,,,
B18,,IOB33M,IO_L22P_T3_17,UNUSED,,17,,,,,,,,,
B19,,IOB33S,IO_L24N_T3_17,UNUSED,,17,,,,,,,,,
B20,,IOB33S,IO_L19N_T3_VREF_17,UNUSED,,17,,,,,,,,,
B21,,,GND,,,,,,,,,,,,
B22,,IOB33M,IO_L23P_T3_17,UNUSED,,17,,,,,,,,,
B23,,IOB33M,IO_L1P_T0_16,UNUSED,,16,,,,,,,,,
B24,,IOB33S,IO_L8N_T1_16,UNUSED,,16,,,,,,,,,
B25,,IOB33S,IO_L12N_T1_MRCC_16,UNUSED,,16,,,,,,,,,
B26,,,VCCO_16,,,16,,,,,any******,,,,
B27,,IOB33M,IO_L7P_T1_16,UNUSED,,16,,,,,,,,,
B28,,IOB33M,IO_L9P_T1_DQS_16,UNUSED,,16,,,,,,,,,
B29,,IOB33S,IO_L15N_T2_DQS_16,UNUSED,,16,,,,,,,,,
B30,,IOB33M,IO_L17P_T2_16,UNUSED,,16,,,,,,,,,
C1,,,GND,,,,,,,,,,,,
C2,,,GND,,,,,,,,,,,,
C3,,OPAD,MGTXTXN1_118,UNUSED,,,,,,,,,,,
C4,,OPAD,MGTXTXP1_118,UNUSED,,,,,,,,,,,
C5,,,MGTAVTT,,,,,,,,,,,,
C6,,,GND,,,,,,,,,,,,
C7,,IPAD,MGTREFCLK0N_118,UNUSED,,,,,,,,,,,
C8,,IPAD,MGTREFCLK0P_118,UNUSED,,,,,,,,,,,
C9,,,GND,,,,,,,,,,,,
C10,,,VCCBATT_0,,,,,,,,,,,,
C11,,IOB33S,IO_L18N_T2_18,UNUSED,,18,,,,,,,,,
C12,,IOB33M,IO_L15P_T2_DQS_18,UNUSED,,18,,,,,,,,,
C13,,,VCCO_18,,,18,,,,,1.80,,,,
C14,,IOB33S,IO_L21N_T3_DQS_18,UNUSED,,18,,,,,,,,,
C15,,IOB33M,IO_L23P_T3_18,UNUSED,,18,,,,,,,,,
C16,,IOB33S,IO_L15N_T2_DQS_17,UNUSED,,17,,,,,,,,,
C17,,IOB33M,IO_L17P_T2_17,UNUSED,,17,,,,,,,,,
C18,,,GND,,,,,,,,,,,,
C19,,IOB33M,IO_L24P_T3_17,UNUSED,,17,,,,,,,,,
C20,,IOB33M,IO_L19P_T3_17,UNUSED,,17,,,,,,,,,
C21,,IOB33S,IO_L8N_T1_17,UNUSED,,17,,,,,,,,,
C22,,IOB33S,IO_L10N_T1_17,UNUSED,,17,,,,,,,,,
C23,,,VCCO_16,,,16,,,,,any******,,,,
C24,,IOB33M,IO_L8P_T1_16,UNUSED,,16,,,,,,,,,
C25,,IOB33M,IO_L12P_T1_MRCC_16,UNUSED,,16,,,,,,,,,
C26,,IOB33S,IO_L11N_T1_SRCC_16,UNUSED,,16,,,,,,,,,
C27,,IOB33S,IO_L13N_T2_MRCC_16,UNUSED,,16,,,,,,,,,
C28,,,GND,,,,,,,,,,,,
C29,,IOB33M,IO_L15P_T2_DQS_16,UNUSED,,16,,,,,,,,,
C30,,IOB33S,IO_L16N_T2_16,UNUSED,,16,,,,,,,,,
D1,,OPAD,MGTXTXN0_118,UNUSED,,,,,,,,,,,
D2,,OPAD,MGTXTXP0_118,UNUSED,,,,,,,,,,,
D3,,,MGTAVTT,,,,,,,,,,,,
D4,,,GND,,,,,,,,,,,,
D5,,IPAD,MGTXRXN1_118,UNUSED,,,,,,,,,,,
D6,,IPAD,MGTXRXP1_118,UNUSED,,,,,,,,,,,
D7,,,MGTAVCC,,,,,,,,,,,,
D8,,,GND,,,,,,,,,,,,
D9,,,GND,,,,,,,,,,,,
D10,,,VCCO_18,,,18,,,,,1.80,,,,
D11,,IOB33M,IO_L18P_T2_18,UNUSED,,18,,,,,,,,,
D12,,IOB33M,IO_L13P_T2_MRCC_18,UNUSED,,18,,,,,,,,,
D13,,IOB33S,IO_L13N_T2_MRCC_18,UNUSED,,18,,,,,,,,,
D14,,IOB33M,IO_L21P_T3_DQS_18,UNUSED,,18,,,,,,,,,
D15,,,GND,,,,,,,,,,,,
D16,,IOB33M,IO_L15P_T2_DQS_17,UNUSED,,17,,,,,,,,,
D17,,IOB33M,IO_L13P_T2_MRCC_17,UNUSED,,17,,,,,,,,,
D18,,IOB33S,IO_L13N_T2_MRCC_17,UNUSED,,17,,,,,,,,,
D19,,IOB33S,IO_L14N_T2_SRCC_17,UNUSED,,17,,,,,,,,,
D20,,,VCCO_17,,,17,,,,,any******,,,,
D21,,IOB33M,IO_L8P_T1_17,UNUSED,,17,,,,,,,,,
D22,,IOB33M,IO_L10P_T1_17,UNUSED,,17,,,,,,,,,
D23,,IOB33S,IO_L2N_T0_16,UNUSED,,16,,,,,,,,,
D24,,IOB33S,IO_L4N_T0_16,UNUSED,,16,,,,,,,,,
D25,,,GND,,,,,,,,,,,,
D26,,IOB33M,IO_L11P_T1_SRCC_16,UNUSED,,16,,,,,,,,,
D27,,IOB33M,IO_L13P_T2_MRCC_16,UNUSED,,16,,,,,,,,,
D28,,IOB33S,IO_L14N_T2_SRCC_16,UNUSED,,16,,,,,,,,,
D29,,IOB33M,IO_L16P_T2_16,UNUSED,,16,,,,,,,,,
D30,,,VCCO_16,,,16,,,,,any******,,,,
E1,,,GND,,,,,,,,,,,,
E2,,,GND,,,,,,,,,,,,
E3,,IPAD,MGTXRXN0_118,UNUSED,,,,,,,,,,,
E4,,IPAD,MGTXRXP0_118,UNUSED,,,,,,,,,,,
E5,,,MGTAVTT,,,,,,,,,,,,
E6,,,GND,,,,,,,,,,,,
E7,,IPAD,MGTREFCLK1N_118,UNUSED,,,,,,,,,,,
E8,,IPAD,MGTREFCLK1P_118,UNUSED,,,,,,,,,,,
E9,,,GND,,,,,,,,,,,,
E10,,,TCK_0,,,,,,,,,,,,
E11,,IOB33S,IO_L16N_T2_18,UNUSED,,18,,,,,,,,,
E12,,,GND,,,,,,,,,,,,
E13,,IOB33S,IO_L14N_T2_SRCC_18,UNUSED,,18,,,,,,,,,
E14,,IOB33M,IO_L20P_T3_18,UNUSED,,18,,,,,,,,,
E15,,IOB33S,IO_L20N_T3_18,UNUSED,,18,,,,,,,,,
E16,,IOB33S,IO_L19N_T3_VREF_18,UNUSED,,18,,,,,,,,,
E17,,,VCCO_17,,,17,,,,,any******,,,,
E18,,IOB33,IO_25_17,UNUSED,,17,,,,,,,,,
E19,,IOB33M,IO_L14P_T2_SRCC_17,UNUSED,,17,,,,,,,,,
E20,,IOB33S,IO_L12N_T1_MRCC_17,UNUSED,,17,,,,,,,,,
E21,,IOB33S,IO_L11N_T1_SRCC_17,UNUSED,,17,,,,,,,,,
E22,,,GND,,,,,,,,,,,,
E23,,IOB33M,IO_L2P_T0_16,UNUSED,,16,,,,,,,,,
E24,,IOB33M,IO_L4P_T0_16,UNUSED,,16,,,,,,,,,
E25,,IOB33S,IO_L3N_T0_DQS_16,UNUSED,,16,,,,,,,,,
E26,,IOB33S,IO_L5N_T0_16,UNUSED,,16,,,,,,,,,
E27,,,VCCO_16,,,16,,,,,any******,,,,
E28,,IOB33M,IO_L14P_T2_SRCC_16,UNUSED,,16,,,,,,,,,
E29,,IOB33M,IO_L18P_T2_16,UNUSED,,16,,,,,,,,,
E30,,IOB33S,IO_L18N_T2_16,UNUSED,,16,,,,,,,,,
F1,,OPAD,MGTXTXN3_117,UNUSED,,,,,,,,,,,
F2,,OPAD,MGTXTXP3_117,UNUSED,,,,,,,,,,,
F3,,,MGTAVTT,,,,,,,,,,,,
F4,,,GND,,,,,,,,,,,,
F5,,IPAD,MGTXRXN3_117,UNUSED,,,,,,,,,,,
F6,,IPAD,MGTXRXP3_117,UNUSED,,,,,,,,,,,
F7,,,MGTAVCC,,,,,,,,,,,,
F8,,,GND,,,,,,,,,,,,
F9,,,GND,,,,,,,,,,,,
F10,,,TMS_0,,,,,,,,,,,,
F11,,IOB33M,IO_L16P_T2_18,UNUSED,,18,,,,,,,,,
F12,,IOB33M,IO_L14P_T2_SRCC_18,UNUSED,,18,,,,,,,,,
F13,,IOB33S,IO_L12N_T1_MRCC_18,UNUSED,,18,,,,,,,,,
F14,,,VCCO_18,,,18,,,,,1.80,,,,
F15,,IOB33M,IO_L19P_T3_18,UNUSED,,18,,,,,,,,,
F16,,IOB33,IO_25_18,UNUSED,,18,,,,,,,,,
F17,,IOB33S,IO_L18N_T2_17,UNUSED,,17,,,,,,,,,
F18,,IOB33S,IO_L16N_T2_17,UNUSED,,17,,,,,,,,,
F19,,,GND,,,,,,,,,,,,
F20,,IOB33M,IO_L12P_T1_MRCC_17,UNUSED,,17,,,,,,,,,
F21,,IOB33M,IO_L11P_T1_SRCC_17,UNUSED,,17,,,,,,,,,
F22,,IOB33S,IO_L9N_T1_DQS_17,UNUSED,,17,,,,,,,,,
F23,,IOB33,IO_0_16,UNUSED,,16,,,,,,,,,
F24,,,VCCO_16,,,16,,,,,any******,,,,
F25,,IOB33M,IO_L3P_T0_DQS_16,UNUSED,,16,,,,,,,,,
F26,,IOB33M,IO_L5P_T0_16,UNUSED,,16,,,,,,,,,
F27,,IOB33S,IO_L21N_T3_DQS_16,UNUSED,,16,,,,,,,,,
F28,,IOB33S,IO_L20N_T3_16,UNUSED,,16,,,,,,,,,
F29,,,GND,,,,,,,,,,,,
F30,,IOB33S,IO_L22N_T3_16,UNUSED,,16,,,,,,,,,
G1,,,GND,,,,,,,,,,,,
G2,,,GND,,,,,,,,,,,,
G3,,IPAD,MGTXRXN2_117,UNUSED,,,,,,,,,,,
G4,,IPAD,MGTXRXP2_117,UNUSED,,,,,,,,,,,
G5,,,MGTAVTT,,,,,,,,,,,,
G6,,,GND,,,,,,,,,,,,
G7,,IPAD,MGTREFCLK0N_117,UNUSED,,,,,,,,,,,
G8,,IPAD,MGTREFCLK0P_117,UNUSED,,,,,,,,,,,
G9,,,GND,,,,,,,,,,,,
G10,,,TDO_0,,,,,,,,,,,,
G11,,,VCCO_18,,,18,,,,,1.80,,,,
G12,c,IOB,IO_0_18,OUTPUT,LVCMOS18*,18,12,SLOW,,,,UNLOCATED,NO,NONE,
G13,,IOB33M,IO_L12P_T1_MRCC_18,UNUSED,,18,,,,,,,,,
G14,,IOB33S,IO_L11N_T1_SRCC_18,UNUSED,,18,,,,,,,,,
G15,s3,IOB,IO_L7N_T1_18,OUTPUT,LVCMOS18*,18,12,SLOW,,,,UNLOCATED,NO,NONE,
G16,,,GND,,,,,,,,,,,,
G17,,IOB33M,IO_L18P_T2_17,UNUSED,,17,,,,,,,,,
G18,,IOB33M,IO_L16P_T2_17,UNUSED,,17,,,,,,,,,
G19,,IOB33,IO_0_17,UNUSED,,17,,,,,,,,,
G20,,IOB33S,IO_L2N_T0_17,UNUSED,,17,,,,,,,,,
G21,,,VCCO_17,,,17,,,,,any******,,,,
G22,,IOB33M,IO_L9P_T1_DQS_17,UNUSED,,17,,,,,,,,,
G23,,IOB33M,IO_L6P_T0_16,UNUSED,,16,,,,,,,,,
G24,,IOB33S,IO_L6N_T0_VREF_16,UNUSED,,16,,,,,,,,,
G25,,IOB33,IO_25_16,UNUSED,,16,,,,,,,,,
G26,,,GND,,,,,,,,,,,,
G27,,IOB33M,IO_L21P_T3_DQS_16,UNUSED,,16,,,,,,,,,
G28,,IOB33M,IO_L20P_T3_16,UNUSED,,16,,,,,,,,,
G29,,IOB33M,IO_L22P_T3_16,UNUSED,,16,,,,,,,,,
G30,,IOB33S,IO_L24N_T3_16,UNUSED,,16,,,,,,,,,
H1,,OPAD,MGTXTXN2_117,UNUSED,,,,,,,,,,,
H2,,OPAD,MGTXTXP2_117,UNUSED,,,,,,,,,,,
H3,,,MGTAVTT,,,,,,,,,,,,
H4,,,GND,,,,,,,,,,,,
H5,,IPAD,MGTXRXN1_117,UNUSED,,,,,,,,,,,
H6,,IPAD,MGTXRXP1_117,UNUSED,,,,,,,,,,,
H7,,,MGTAVCC,,,,,,,,,,,,
H8,,,GND,,,,,,,,,,,,
H9,,,GND,,,,,,,,,,,,
H10,,,TDI_0,,,,,,,,,,,,
H11,,IOB33M,IO_L10P_T1_18,UNUSED,,18,,,,,,,,,
H12,,IOB33S,IO_L10N_T1_18,UNUSED,,18,,,,,,,,,
H13,,,GND,,,,,,,,,,,,
H14,,IOB33M,IO_L11P_T1_SRCC_18,UNUSED,,18,,,,,,,,,
H15,b3,IOB,IO_L7P_T1_18,INPUT,LVCMOS18*,18,,,,NONE,,UNLOCATED,NO,NONE,
H16,,IOB33S,IO_L9N_T1_DQS_18,UNUSED,,18,,,,,,,,,
H17,,IOB33S,IO_L3N_T0_DQS_17,UNUSED,,17,,,,,,,,,
H18,,,VCCO_17,,,17,,,,,any******,,,,
H19,,IOB33S,IO_L4N_T0_17,UNUSED,,17,,,,,,,,,
H20,,IOB33M,IO_L2P_T0_17,UNUSED,,17,,,,,,,,,
H21,,IOB33M,IO_L7P_T1_17,UNUSED,,17,,,,,,,,,
H22,,IOB33S,IO_L7N_T1_17,UNUSED,,17,,,,,,,,,
H23,,,GND,,,,,,,,,,,,
H24,,IOB33M,IO_L19P_T3_16,UNUSED,,16,,,,,,,,,
H25,,IOB33S,IO_L19N_T3_VREF_16,UNUSED,,16,,,,,,,,,
H26,,IOB33M,IO_L23P_T3_16,UNUSED,,16,,,,,,,,,
H27,,IOB33S,IO_L23N_T3_16,UNUSED,,16,,,,,,,,,
H28,,,VCCO_16,,,16,,,,,any******,,,,
H29,,IOB33S,IO_L7N_T1_AD10N_15,UNUSED,,15,,,,,,,,,
H30,,IOB33M,IO_L24P_T3_16,UNUSED,,16,,,,,,,,,
J1,,,GND,,,,,,,,,,,,
J2,,,GND,,,,,,,,,,,,
J3,,OPAD,MGTXTXN1_117,UNUSED,,,,,,,,,,,
J4,,OPAD,MGTXTXP1_117,UNUSED,,,,,,,,,,,
J5,,,MGTAVTT,,,,,,,,,,,,
J6,,,GND,,,,,,,,,,,,
J7,,IPAD,MGTREFCLK1N_117,UNUSED,,,,,,,,,,,
J8,,IPAD,MGTREFCLK1P_117,UNUSED,,,,,,,,,,,
J9,,,GND,,,,,,,,,,,,
J10,,,GND,,,,,,,,,,,,
J11,,IOB33M,IO_L8P_T1_18,UNUSED,,18,,,,,,,,,
J12,,IOB33S,IO_L8N_T1_18,UNUSED,,18,,,,,,,,,
J13,s1,IOB,IO_L4N_T0_18,OUTPUT,LVCMOS18*,18,12,SLOW,,,,UNLOCATED,NO,NONE,
J14,m,IOB,IO_L5N_T0_18,INPUT,LVCMOS18*,18,,,,NONE,,UNLOCATED,NO,NONE,
J15,,,VCCO_18,,,18,,,,,1.80,,,,
J16,,IOB33M,IO_L9P_T1_DQS_18,UNUSED,,18,,,,,,,,,
J17,,IOB33M,IO_L3P_T0_DQS_17,UNUSED,,17,,,,,,,,,
J18,,IOB33S,IO_L1N_T0_17,UNUSED,,17,,,,,,,,,
J19,,IOB33M,IO_L4P_T0_17,UNUSED,,17,,,,,,,,,
J20,,,GND,,,,,,,,,,,,
J21,,IOB33M,IO_L5P_T0_AD2P_15,UNUSED,,15,,,,,,,,,
J22,,IOB33S,IO_L5N_T0_AD2N_15,UNUSED,,15,,,,,,,,,
J23,,IOB33M,IO_L1P_T0_AD0P_15,UNUSED,,15,,,,,,,,,
J24,,IOB33S,IO_L1N_T0_AD0N_15,UNUSED,,15,,,,,,,,,
J25,,,VCCO_15,,,15,,,,,any******,,,,
J26,,IOB33S,IO_L10N_T1_AD4N_15,UNUSED,,15,,,,,,,,,
J27,,IOB33M,IO_L8P_T1_AD3P_15,UNUSED,,15,,,,,,,,,
J28,,IOB33S,IO_L8N_T1_AD3N_15,UNUSED,,15,,,,,,,,,
J29,,IOB33M,IO_L7P_T1_AD10P_15,UNUSED,,15,,,,,,,,,
J30,,,GND,,,,,,,,,,,,
K1,,OPAD,MGTXTXN0_117,UNUSED,,,,,,,,,,,
K2,,OPAD,MGTXTXP0_117,UNUSED,,,,,,,,,,,
K3,,,MGTAVTT,,,,,,,,,,,,
K4,,,GND,,,,,,,,,,,,
K5,,IPAD,MGTXRXN0_117,UNUSED,,,,,,,,,,,
K6,,IPAD,MGTXRXP0_117,UNUSED,,,,,,,,,,,
K7,,,MGTAVCC,,,,,,,,,,,,
K8,,,GND,,,,,,,,,,,,
K9,,,GND,,,,,,,,,,,,
K10,,,PROGRAM_B_0,,,,,,,,,,,,
K11,v,IOB,IO_L6N_T0_VREF_18,OUTPUT,LVCMOS18*,18,12,SLOW,,,,UNLOCATED,NO,NONE,
K12,,,VCCO_18,,,18,,,,,1.80,,,,
K13,a1,IOB,IO_L4P_T0_18,INPUT,LVCMOS18*,18,,,,NONE,,UNLOCATED,NO,NONE,
K14,a2,IOB,IO_L5P_T0_18,INPUT,LVCMOS18*,18,,,,NONE,,UNLOCATED,NO,NONE,
K15,a0,IOB,IO_L2N_T0_18,INPUT,LVCMOS18*,18,,,,NONE,,UNLOCATED,NO,NONE,
K16,s0,IOB,IO_L1N_T0_18,OUTPUT,LVCMOS18*,18,12,SLOW,,,,UNLOCATED,NO,NONE,
K17,,,GND,,,,,,,,,,,,
K18,,IOB33M,IO_L1P_T0_17,UNUSED,,17,,,,,,,,,
K19,,IOB33M,IO_L6P_T0_17,UNUSED,,17,,,,,,,,,
K20,,IOB33S,IO_L6N_T0_VREF_17,UNUSED,,17,,,,,,,,,
K21,,IOB33S,IO_L4N_T0_AD9N_15,UNUSED,,15,,,,,,,,,
K22,,,VCCO_15,,,15,,,,,any******,,,,
K23,,IOB33M,IO_L3P_T0_DQS_AD1P_15,UNUSED,,15,,,,,,,,,
K24,,IOB33S,IO_L3N_T0_DQS_AD1N_15,UNUSED,,15,,,,,,,,,
K25,,IOB33S,IO_L12N_T1_MRCC_AD5N_15,UNUSED,,15,,,,,,,,,
K26,,IOB33M,IO_L10P_T1_AD4P_15,UNUSED,,15,,,,,,,,,
K27,,,GND,,,,,,,,,,,,
K28,,IOB33M,IO_L13P_T2_MRCC_15,UNUSED,,15,,,,,,,,,
K29,,IOB33S,IO_L13N_T2_MRCC_15,UNUSED,,15,,,,,,,,,
K30,,IOB33S,IO_L9N_T1_DQS_AD11N_15,UNUSED,,15,,,,,,,,,
L1,,,GND,,,,,,,,,,,,
L2,,,GND,,,,,,,,,,,,
L3,,OPAD,MGTXTXN3_116,UNUSED,,,,,,,,,,,
L4,,OPAD,MGTXTXP3_116,UNUSED,,,,,,,,,,,
L5,,,MGTAVTT,,,,,,,,,,,,
L6,,,GND,,,,,,,,,,,,
L7,,IPAD,MGTREFCLK0N_116,UNUSED,,,,,,,,,,,
L8,,IPAD,MGTREFCLK0P_116,UNUSED,,,,,,,,,,,
L9,,,GND,,,,,,,,,,,,
L10,,,CFGBVS_0,,,,,,,,,,,,
L11,a3,IOB,IO_L6P_T0_18,INPUT,LVCMOS18*,18,,,,NONE,,UNLOCATED,NO,NONE,
L12,b2,IOB,IO_L3P_T0_DQS_18,INPUT,LVCMOS18*,18,,,,NONE,,UNLOCATED,NO,NONE,
L13,b1,IOB,IO_L3N_T0_DQS_18,INPUT,LVCMOS18*,18,,,,NONE,,UNLOCATED,NO,NONE,
L14,,,GND,,,,,,,,,,,,
L15,s2,IOB,IO_L2P_T0_18,OUTPUT,LVCMOS18*,18,12,SLOW,,,,UNLOCATED,NO,NONE,
L16,b0,IOB,IO_L1P_T0_18,INPUT,LVCMOS18*,18,,,,NONE,,UNLOCATED,NO,NONE,
L17,,IOB33M,IO_L5P_T0_17,UNUSED,,17,,,,,,,,,
L18,,IOB33S,IO_L5N_T0_17,UNUSED,,17,,,,,,,,,
L19,,,VCCO_17,,,17,,,,,any******,,,,
L20,,IOB33S,IO_L6N_T0_VREF_15,UNUSED,,15,,,,,,,,,
L21,,IOB33M,IO_L4P_T0_AD9P_15,UNUSED,,15,,,,,,,,,
L22,,IOB33M,IO_L2P_T0_AD8P_15,UNUSED,,15,,,,,,,,,
L23,,IOB33S,IO_L2N_T0_AD8N_15,UNUSED,,15,,,,,,,,,
L24,,,GND,,,,,,,,,,,,
L25,,IOB33M,IO_L12P_T1_MRCC_AD5P_15,UNUSED,,15,,,,,,,,,
L26,,IOB33M,IO_L11P_T1_SRCC_AD12P_15,UNUSED,,15,,,,,,,,,
L27,,IOB33S,IO_L11N_T1_SRCC_AD12N_15,UNUSED,,15,,,,,,,,,
L28,,IOB33S,IO_L14N_T2_SRCC_15,UNUSED,,15,,,,,,,,,
L29,,,VCCO_15,,,15,,,,,any******,,,,
L30,,IOB33M,IO_L9P_T1_DQS_AD11P_15,UNUSED,,15,,,,,,,,,
M1,,OPAD,MGTXTXN2_116,UNUSED,,,,,,,,,,,
M2,,OPAD,MGTXTXP2_116,UNUSED,,,,,,,,,,,
M3,,,MGTAVTT,,,,,,,,,,,,
M4,,,GND,,,,,,,,,,,,
M5,,IPAD,MGTXRXN3_116,UNUSED,,,,,,,,,,,
M6,,IPAD,MGTXRXP3_116,UNUSED,,,,,,,,,,,
M7,,,MGTAVCC,,,,,,,,,,,,
M8,,,GND,,,,,,,,,,,,
M9,,,GND,,,,,,,,,,,,
M10,,,DONE_0,,,,,,,,,,,,
M11,,,VCCINT,,,,,,,,1.0,,,,
M12,,,GND,,,,,,,,,,,,
M13,,,VCCINT,,,,,,,,1.0,,,,
M14,,,GND,,,,,,,,,,,,
M15,,,VCCINT,,,,,,,,1.0,,,,
M16,,,GND,,,,,,,,,,,,
M17,,,VCCINT,,,,,,,,1.0,,,,
M18,,,GND,,,,,,,,,,,,
M19,,IOB33,IO_0_15,UNUSED,,15,,,,,,,,,
M20,,IOB33M,IO_L6P_T0_15,UNUSED,,15,,,,,,,,,
M21,,,GND,,,,,,,,,,,,
M22,,IOB33M,IO_L24P_T3_RS1_15,UNUSED,,15,,,,,,,,,
M23,,IOB33S,IO_L24N_T3_RS0_15,UNUSED,,15,,,,,,,,,
M24,,IOB33M,IO_L23P_T3_FOE_B_15,UNUSED,,15,,,,,,,,,
M25,,IOB33S,IO_L23N_T3_FWE_B_15,UNUSED,,15,,,,,,,,,
M26,,,VCCO_15,,,15,,,,,any******,,,,
M27,,IOB33S,IO_L16N_T2_A27_15,UNUSED,,15,,,,,,,,,
M28,,IOB33M,IO_L14P_T2_SRCC_15,UNUSED,,15,,,,,,,,,
M29,,IOB33M,IO_L15P_T2_DQS_15,UNUSED,,15,,,,,,,,,
M30,,IOB33S,IO_L15N_T2_DQS_ADV_B_15,UNUSED,,15,,,,,,,,,
N1,,,GND,,,,,,,,,,,,
N2,,,GND,,,,,,,,,,,,
N3,,OPAD,MGTXTXN1_116,UNUSED,,,,,,,,,,,
N4,,OPAD,MGTXTXP1_116,UNUSED,,,,,,,,,,,
N5,,,MGTAVTT,,,,,,,,,,,,
N6,,,GND,,,,,,,,,,,,
N7,,IPAD,MGTREFCLK1N_116,UNUSED,,,,,,,,,,,
N8,,IPAD,MGTREFCLK1P_116,UNUSED,,,,,,,,,,,
N9,,,GND,,,,,,,,,,,,
N10,,,VCCINT,,,,,,,,1.0,,,,
N11,,,GND,,,,,,,,,,,,
N12,,,VCCINT,,,,,,,,1.0,,,,
N13,,,GND,,,,,,,,,,,,
N14,,,VCCINT,,,,,,,,1.0,,,,
N15,,,GND,,,,,,,,,,,,
N16,,,VCCBRAM,,,,,,,,,,,,
N17,,,GND,,,,,,,,,,,,
N18,,,VCCINT,,,,,,,,1.0,,,,
N19,,IOB33M,IO_L19P_T3_A22_15,UNUSED,,15,,,,,,,,,
N20,,IOB33S,IO_L19N_T3_A21_VREF_15,UNUSED,,15,,,,,,,,,
N21,,IOB33M,IO_L20P_T3_A20_15,UNUSED,,15,,,,,,,,,
N22,,IOB33S,IO_L20N_T3_A19_15,UNUSED,,15,,,,,,,,,
N23,,,VCCO_15,,,15,,,,,any******,,,,
N24,,IOB33S,IO_L21N_T3_DQS_A18_15,UNUSED,,15,,,,,,,,,
N25,,IOB33M,IO_L18P_T2_A24_15,UNUSED,,15,,,,,,,,,
N26,,IOB33S,IO_L18N_T2_A23_15,UNUSED,,15,,,,,,,,,
N27,,IOB33M,IO_L16P_T2_A28_15,UNUSED,,15,,,,,,,,,
N28,,,GND,,,,,,,,,,,,
N29,,IOB33M,IO_L17P_T2_A26_15,UNUSED,,15,,,,,,,,,
N30,,IOB33S,IO_L17N_T2_A25_15,UNUSED,,15,,,,,,,,,
P1,,OPAD,MGTXTXN0_116,UNUSED,,,,,,,,,,,
P2,,OPAD,MGTXTXP0_116,UNUSED,,,,,,,,,,,
P3,,,MGTAVTT,,,,,,,,,,,,
P4,,,GND,,,,,,,,,,,,
P5,,IPAD,MGTXRXN2_116,UNUSED,,,,,,,,,,,
P6,,IPAD,MGTXRXP2_116,UNUSED,,,,,,,,,,,
P7,,,MGTAVCC,,,,,,,,,,,,
P8,,,GND,,,,,,,,,,,,
P9,,,GND,,,,,,,,,,,,
P10,,,GND,,,,,,,,,,,,
P11,,,VCCINT,,,,,,,,1.0,,,,
P12,,,GND,,,,,,,,,,,,
P13,,,VCCAUX,,,,,,,,1.8,,,,
P14,,,GNDADC_0,,,,,,,,,,,,
P15,,,VCCADC_0,,,,,,,,,,,,
P16,,,GND,,,,,,,,,,,,
P17,,,VCCINT,,,,,,,,1.0,,,,
P18,,,GND,,,,,,,,,,,,
P19,,IOB33,IO_25_15,UNUSED,,15,,,,,,,,,
P20,,,VCCO_15,,,15,,,,,any******,,,,
P21,,IOB33M,IO_L22P_T3_A17_15,UNUSED,,15,,,,,,,,,
P22,,IOB33S,IO_L22N_T3_A16_15,UNUSED,,15,,,,,,,,,
P23,,IOB33M,IO_L21P_T3_DQS_15,UNUSED,,15,,,,,,,,,
P24,,IOB33M,IO_L1P_T0_D00_MOSI_14,UNUSED,,14,,,,,,,,,
P25,,,GND,,,,,,,,,,,,
P26,,IOB33M,IO_L10P_T1_D14_14,UNUSED,,14,,,,,,,,,
P27,,IOB33M,IO_L8P_T1_D11_14,UNUSED,,14,,,,,,,,,
P28,,IOB33S,IO_L8N_T1_D12_14,UNUSED,,14,,,,,,,,,
P29,,IOB33M,IO_L7P_T1_D09_14,UNUSED,,14,,,,,,,,,
P30,,,VCCO_14,,,14,,,,,any******,,,,
R1,,,GND,,,,,,,,,,,,
R2,,,GND,,,,,,,,,,,,
R3,,IPAD,MGTXRXN1_116,UNUSED,,,,,,,,,,,
R4,,IPAD,MGTXRXP1_116,UNUSED,,,,,,,,,,,
R5,,,MGTAVTT,,,,,,,,,,,,
R6,,,GND,,,,,,,,,,,,
R7,,IPAD,MGTREFCLK0N_115,UNUSED,,,,,,,,,,,
R8,,IPAD,MGTREFCLK0P_115,UNUSED,,,,,,,,,,,
R9,,,GND,,,,,,,,,,,,
R10,,,VCCINT,,,,,,,,1.0,,,,
R11,,,GND,,,,,,,,,,,,
R12,,,VCCINT,,,,,,,,1.0,,,,
R13,,,GND,,,,,,,,,,,,
R14,,,VREFN_0,,,,,,,,,,,,
R15,,IPAD,VP_0,UNUSED,,0,,,,,,,,,
R16,,,VCCBRAM,,,,,,,,,,,,
R17,,,GND,,,,,,,,,,,,
R18,,,VCCINT,,,,,,,,1.0,,,,
R19,,IOB33,IO_0_14,UNUSED,,14,,,,,,,,,
R20,,IOB33M,IO_L2P_T0_D02_14,UNUSED,,14,,,,,,,,,
R21,,IOB33S,IO_L2N_T0_D03_14,UNUSED,,14,,,,,,,,,
R22,,,GND,,,,,,,,,,,,
R23,,IOB33M,IO_L3P_T0_DQS_PUDC_B_14,UNUSED,,14,,,,,,,,,
R24,,IOB33S,IO_L3N_T0_DQS_EMCCLK_14,UNUSED,,14,,,,,,,,,
R25,,IOB33S,IO_L1N_T0_D01_DIN_14,UNUSED,,14,,,,,,,,,
R26,,IOB33S,IO_L10N_T1_D15_14,UNUSED,,14,,,,,,,,,
R27,,,VCCO_14,,,14,,,,,any******,,,,
R28,,IOB33M,IO_L11P_T1_SRCC_14,UNUSED,,14,,,,,,,,,
R29,,IOB33S,IO_L7N_T1_D10_14,UNUSED,,14,,,,,,,,,
R30,,IOB33M,IO_L9P_T1_DQS_14,UNUSED,,14,,,,,,,,,
T1,,OPAD,MGTXTXN3_115,UNUSED,,,,,,,,,,,
T2,,OPAD,MGTXTXP3_115,UNUSED,,,,,,,,,,,
T3,,,MGTAVTT,,,,,,,,,,,,
T4,,,GND,,,,,,,,,,,,
T5,,IPAD,MGTXRXN0_116,UNUSED,,,,,,,,,,,
T6,,IPAD,MGTXRXP0_116,UNUSED,,,,,,,,,,,
T7,,,MGTVCCAUX,,,,,,,,,,,,
T8,,,GND,,,,,,,,,,,,
T9,,,VCCO_0,,,0,,,,,any******,,,,
T10,,,GND,,,,,,,,,,,,
T11,,,VCCINT,,,,,,,,1.0,,,,
T12,,,GND,,,,,,,,,,,,
T13,,,VCCAUX,,,,,,,,1.8,,,,
T14,,IPAD,VN_0,UNUSED,,0,,,,,,,,,
T15,,,VREFP_0,,,,,,,,,,,,
T16,,,GND,,,,,,,,,,,,
T17,,,VCCINT,,,,,,,,1.0,,,,
T18,,,GND,,,,,,,,,,,,
T19,,,GND,,,,,,,,,,,,
T20,,IOB33M,IO_L4P_T0_D04_14,UNUSED,,14,,,,,,,,,
T21,,IOB33S,IO_L4N_T0_D05_14,UNUSED,,14,,,,,,,,,
T22,,IOB33M,IO_L5P_T0_D06_14,UNUSED,,14,,,,,,,,,
T23,,IOB33S,IO_L5N_T0_D07_14,UNUSED,,14,,,,,,,,,
T24,,,VCCO_14,,,14,,,,,any******,,,,
T25,,IOB33M,IO_L14P_T2_SRCC_14,UNUSED,,14,,,,,,,,,
T26,,IOB33M,IO_L12P_T1_MRCC_14,UNUSED,,14,,,,,,,,,
T27,,IOB33S,IO_L12N_T1_MRCC_14,UNUSED,,14,,,,,,,,,
T28,,IOB33S,IO_L11N_T1_SRCC_14,UNUSED,,14,,,,,,,,,
T29,,,GND,,,,,,,,,,,,
T30,,IOB33S,IO_L9N_T1_DQS_D13_14,UNUSED,,14,,,,,,,,,
U1,,,GND,,,,,,,,,,,,
U2,,,GND,,,,,,,,,,,,
U3,,OPAD,MGTXTXN2_115,UNUSED,,,,,,,,,,,
U4,,OPAD,MGTXTXP2_115,UNUSED,,,,,,,,,,,
U5,,,MGTAVTT,,,,,,,,,,,,
U6,,,GND,,,,,,,,,,,,
U7,,IPAD,MGTREFCLK1N_115,UNUSED,,,,,,,,,,,
U8,,IPAD,MGTREFCLK1P_115,UNUSED,,,,,,,,,,,
U9,,,GND,,,,,,,,,,,,
U10,,,VCCINT,,,,,,,,1.0,,,,
U11,,,GND,,,,,,,,,,,,
U12,,,VCCINT,,,,,,,,1.0,,,,
U13,,,GND,,,,,,,,,,,,
U14,,,DXN_0,,,,,,,,,,,,
U15,,,DXP_0,,,,,,,,,,,,
U16,,,VCCBRAM,,,,,,,,,,,,
U17,,,GND,,,,,,,,,,,,
U18,,,VCCINT,,,,,,,,1.0,,,,
U19,,IOB33M,IO_L6P_T0_FCS_B_14,UNUSED,,14,,,,,,,,,
U20,,IOB33S,IO_L6N_T0_D08_VREF_14,UNUSED,,14,,,,,,,,,
U21,,,VCCO_14,,,14,,,,,any******,,,,
U22,,IOB33M,IO_L21P_T3_DQS_14,UNUSED,,14,,,,,,,,,
U23,,IOB33S,IO_L21N_T3_DQS_A06_D22_14,UNUSED,,14,,,,,,,,,
U24,,IOB33M,IO_L23P_T3_A03_D19_14,UNUSED,,14,,,,,,,,,
U25,,IOB33S,IO_L14N_T2_SRCC_14,UNUSED,,14,,,,,,,,,
U26,,,GND,,,,,,,,,,,,
U27,,IOB33M,IO_L13P_T2_MRCC_14,UNUSED,,14,,,,,,,,,
U28,,IOB33S,IO_L13N_T2_MRCC_14,UNUSED,,14,,,,,,,,,
U29,,IOB33M,IO_L15P_T2_DQS_RDWR_B_14,UNUSED,,14,,,,,,,,,
U30,,IOB33S,IO_L15N_T2_DQS_DOUT_CSO_B_14,UNUSED,,14,,,,,,,,,
V1,,OPAD,MGTXTXN1_115,UNUSED,,,,,,,,,,,
V2,,OPAD,MGTXTXP1_115,UNUSED,,,,,,,,,,,
V3,,,MGTAVTT,,,,,,,,,,,,
V4,,,GND,,,,,,,,,,,,
V5,,IPAD,MGTXRXN3_115,UNUSED,,,,,,,,,,,
V6,,IPAD,MGTXRXP3_115,UNUSED,,,,,,,,,,,
V7,,,MGTVCCAUX,,,,,,,,,,,,
V8,,,GND,,,,,,,,,,,,
V9,,,GND,,,,,,,,,,,,
V10,,,GND,,,,,,,,,,,,
V11,,,VCCAUX_IO_G0,,,,,,,,1.8,,,,
V12,,,GND,,,,,,,,,,,,
V13,,,VCCAUX,,,,,,,,1.8,,,,
V14,,,GND,,,,,,,,,,,,
V15,,,VCCAUX,,,,,,,,1.8,,,,
V16,,,GND,,,,,,,,,,,,
V17,,,VCCINT,,,,,,,,1.0,,,,
V18,,,GND,,,,,,,,,,,,
V19,,IOB33M,IO_L19P_T3_A10_D26_14,UNUSED,,14,,,,,,,,,
V20,,IOB33S,IO_L19N_T3_A09_D25_VREF_14,UNUSED,,14,,,,,,,,,
V21,,IOB33M,IO_L22P_T3_A05_D21_14,UNUSED,,14,,,,,,,,,
V22,,IOB33S,IO_L22N_T3_A04_D20_14,UNUSED,,14,,,,,,,,,
V23,,,GND,,,,,,,,,,,,
V24,,IOB33S,IO_L23N_T3_A02_D18_14,UNUSED,,14,,,,,,,,,
V25,,IOB33M,IO_L18P_T2_A12_D28_14,UNUSED,,14,,,,,,,,,
V26,,IOB33M,IO_L16P_T2_CSI_B_14,UNUSED,,14,,,,,,,,,
V27,,IOB33S,IO_L16N_T2_A15_D31_14,UNUSED,,14,,,,,,,,,
V28,,,VCCO_14,,,14,,,,,any******,,,,
V29,,IOB33M,IO_L17P_T2_A14_D30_14,UNUSED,,14,,,,,,,,,
V30,,IOB33S,IO_L17N_T2_A13_D29_14,UNUSED,,14,,,,,,,,,
W1,,,GND,,,,,,,,,,,,
W2,,,GND,,,,,,,,,,,,
W3,,IPAD,MGTXRXN2_115,UNUSED,,,,,,,,,,,
W4,,IPAD,MGTXRXP2_115,UNUSED,,,,,,,,,,,
W5,,,MGTAVTT,,,,,,,,,,,,
W6,,,GND,,,,,,,,,,,,
W7,,,MGTAVTTRCAL_115,,,,,,,,,,,,
W8,,,MGTRREF_115,,,,,,,,,,,,
W9,,,GND,,,,,,,,,,,,
W10,,,VCCAUX_IO_G0,,,,,,,,1.8,,,,
W11,,,GND,,,,,,,,,,,,
W12,,,VCCAUX_IO_G0,,,,,,,,1.8,,,,
W13,,,GND,,,,,,,,,,,,
W14,,,VCCAUX,,,,,,,,1.8,,,,
W15,,,GND,,,,,,,,,,,,
W16,,,VCCBRAM,,,,,,,,,,,,
W17,,,GND,,,,,,,,,,,,
W18,,,VCCINT,,,,,,,,1.0,,,,
W19,,IOB33,IO_25_14,UNUSED,,14,,,,,,,,,
W20,,,GND,,,,,,,,,,,,
W21,,IOB33M,IO_L24P_T3_A01_D17_14,UNUSED,,14,,,,,,,,,
W22,,IOB33S,IO_L24N_T3_A00_D16_14,UNUSED,,14,,,,,,,,,
W23,,IOB33M,IO_L20P_T3_A08_D24_14,UNUSED,,14,,,,,,,,,
W24,,IOB33S,IO_L20N_T3_A07_D23_14,UNUSED,,14,,,,,,,,,
W25,,,VCCO_14,,,14,,,,,any******,,,,
W26,,IOB33S,IO_L18N_T2_A11_D27_14,UNUSED,,14,,,,,,,,,
W27,,IOB33M,IO_L2P_T0_13,UNUSED,,13,,,,,,,,,
W28,,IOB33S,IO_L2N_T0_13,UNUSED,,13,,,,,,,,,
W29,,IOB33M,IO_L4P_T0_13,UNUSED,,13,,,,,,,,,
W30,,,GND,,,,,,,,,,,,
Y1,,OPAD,MGTXTXN0_115,UNUSED,,,,,,,,,,,
Y2,,OPAD,MGTXTXP0_115,UNUSED,,,,,,,,,,,
Y3,,,GND,,,,,,,,,,,,
Y4,,,GND,,,,,,,,,,,,
Y5,,IPAD,MGTXRXN1_115,UNUSED,,,,,,,,,,,
Y6,,IPAD,MGTXRXP1_115,UNUSED,,,,,,,,,,,
Y7,,,GND,,,,,,,,,,,,
Y8,,,GND,,,,,,,,,,,,
Y9,,,GND,,,,,,,,,,,,
Y10,,IOB18S,IO_L4N_T0_33,UNUSED,,33,,,,,,,,,
Y11,,IOB18M,IO_L4P_T0_33,UNUSED,,33,,,,,,,,,
Y12,,,VCCO_33,,,33,,,,,any******,,,,
Y13,,IOB18,IO_0_VRN_33,UNUSED,,33,,,,,,,,,
Y14,,IOB18,IO_0_VRN_32,UNUSED,,32,,,,,,,,,
Y15,,IOB18S,IO_L24N_T3_32,UNUSED,,32,,,,,,,,,
Y16,,IOB18M,IO_L24P_T3_32,UNUSED,,32,,,,,,,,,
Y17,,,GND,,,,,,,,,,,,
Y18,,IOB18S,IO_L15N_T2_DQS_32,UNUSED,,32,,,,,,,,,
Y19,,IOB18M,IO_L15P_T2_DQS_32,UNUSED,,32,,,,,,,,,
Y20,,IOB33,IO_0_12,UNUSED,,12,,,,,,,,,
Y21,,IOB33M,IO_L2P_T0_12,UNUSED,,12,,,,,,,,,
Y22,,,VCCO_12,,,12,,,,,any******,,,,
Y23,,IOB33M,IO_L1P_T0_12,UNUSED,,12,,,,,,,,,
Y24,,IOB33S,IO_L1N_T0_12,UNUSED,,12,,,,,,,,,
Y25,,IOB33,IO_0_13,UNUSED,,13,,,,,,,,,
Y26,,IOB33M,IO_L1P_T0_13,UNUSED,,13,,,,,,,,,
Y27,,,GND,,,,,,,,,,,,
Y28,,IOB33M,IO_L3P_T0_DQS_13,UNUSED,,13,,,,,,,,,
Y29,,IOB33S,IO_L4N_T0_13,UNUSED,,13,,,,,,,,,
Y30,,IOB33M,IO_L8P_T1_13,UNUSED,,13,,,,,,,,,

# -----,-----,-----,-----,-----,-----,-----,-----,-----,-----,-----,-----,-----,-----,-----,
# 
#* Default value.
#** This default Pullup/Pulldown value can be overridden in Bitgen. 
#All RSVD_0 pins must be tied to GROUND.
#****** Special VCCO requirements may apply. Please consult the device 
#       family datasheet for specific guideline on VCCO requirements. 
#
#
#